,A,B,C,D
2000-01-01,0.365011747818,-0.887948566162,-1.18143726497,-1.22180384556
2000-01-02,0.267556508354,0.135315409592,-2.55680066079,-0.377417918688
2000-01-03,-0.566345034744,-1.19878526655,-1.83820064144,0.751229688694
2000-01-04,-0.146455612764,-0.25235627404,-0.781509774022,1.34400691846
2000-01-05,-1.04965312568,-0.0397946213423,0.626914982504,1.18253584508
2000-01-06,-1.73042113718,0.298905089488,0.0853775853163,1.07799009649
2000-01-07,-1.94324591572,0.752845432013,-1.82396468337,1.84919250203
2000-01-08,-2.99522410212,0.265642546781,-1.61698338017,2.87642609293
2000-01-09,-3.47849815345,1.01966045696,-0.369134970462,4.06844859249
2000-01-10,-2.46415712627,0.912273243383,-0.270033793456,0.836221499253
2000-01-11,-2.83976537594,1.07328701873,-1.45907085932,0.485177356274
2000-01-12,-4.30981287687,1.85191252778,-3.52748516159,2.09687648092
2000-01-13,-4.01315036658,2.94202421023,-2.61249593607,0.642132832239
2000-01-14,-4.85178640327,2.61026016971,-4.55605694207,0.0613119379406
2000-01-15,-4.53760633058,2.36184087762,-4.13287603365,-1.56148948377
2000-01-16,-3.39229003401,2.08580903706,-4.05931706123,-0.447730590582
2000-01-17,-4.21327555179,2.70860353139,-3.57786344931,-0.976697611147
2000-01-18,-4.70298764673,2.79303797424,-2.88011919389,-2.20225612806
2000-01-19,-5.05659464221,3.00797648795,-2.07172135941,-2.78296420124
2000-01-20,-5.14032201358,3.54684980866,-2.04374632309,-2.60374872916
2000-01-21,-5.21566805901,3.38959560957,-0.364358883314,-2.72313102812
2000-01-22,-5.00331852985,2.72052381786,-0.953378939111,-2.02957688788
2000-01-23,-6.07836165311,1.74177963628,-1.43014787304,-0.580754408339
2000-01-24,-7.21542635037,1.19180796784,-2.10276263239,-0.585701803074
2000-01-25,-7.94749640984,0.400223696381,-2.59601747316,0.0611262409598
2000-01-26,-6.36452351759,0.636908511752,-3.56381288661,1.32972938312
2000-01-27,-6.79012504051,0.780908386808,-3.80030644913,1.2809447853
2000-01-28,-6.66091327351,-0.58716342536,-3.68910215847,1.50232645306
2000-01-29,-6.89011667637,-2.01215918635,-4.99054933997,4.29683238333
2000-01-30,-6.52670301211,-2.49495388259,-4.3012205297,4.56984820419
2000-01-31,-5.29359780813,-2.2207844557,-3.08048369237,5.98240596155
2000-02-01,-4.34564611869,-0.403266476977,-4.07828467384,5.23548205004
2000-02-02,-1.93378536533,-1.02270602454,-3.84976203694,5.65373808287
2000-02-03,-0.867476555757,-1.98479431719,-3.25160948485,6.04571440029
2000-02-04,-1.6883437319,-1.66283132278,-1.96516946494,6.0019536269
2000-02-05,-2.47087920415,0.331004832849,-3.54571436797,6.007950582
2000-02-06,-2.76118239834,0.454982283927,-2.59253668448,4.25414889503
2000-02-07,-2.42557376753,-0.552952331931,-2.42118377626,4.98716107341
2000-02-08,-1.4734281734,1.04348812984,-2.74476376341,5.18041632216
2000-02-09,-1.36209366854,1.97433840098,-3.74404959083,5.66334073498
2000-02-10,-1.14748386334,0.445803107975,-5.23892175172,5.93031702594
2000-02-11,-0.930073811372,1.41859348488,-5.85064000743,5.48547252203
2000-02-12,0.553995232332,2.41463734563,-4.27482521825,4.59595317255
2000-02-13,3.33245374192,0.882866380242,-4.08163511491,5.17101388999
2000-02-14,1.83093377753,0.479673783106,-4.30072953779,5.07623140748
2000-02-15,3.54112603198,-0.688944466988,-5.96446299278,5.50529707488
2000-02-16,1.58201955198,-2.60232310661,-4.84511787381,3.78197717091
2000-02-17,2.93507016087,-0.86920651111,-5.87276807623,4.77556597097
2000-02-18,1.51046733913,-0.587422208632,-4.60299240096,4.67033487664
2000-02-19,3.26206165169,-1.49515433846,-5.62905995594,4.5879749181
2000-02-20,2.61153735933,-0.846928098569,-5.16144517097,3.77739101609
2000-02-21,1.72708494948,-0.129127297902,-5.68652484938,3.9685273346
2000-02-22,0.677866523559,-0.480619351306,-5.86381168185,5.10569334913
2000-02-23,1.43892844389,0.258789810996,-7.88271579748,5.25586207639
2000-02-24,1.69307577246,0.264697100391,-6.00768174103,6.17180348217
2000-02-25,1.78501864128,-0.377656986364,-6.26504111091,7.27714768213
2000-02-26,2.78536594694,-2.41950408234,-6.09191601988,5.96894783952
2000-02-27,4.21187487238,-3.02250396123,-6.83947560341,8.31091893519
2000-02-28,3.96887564901,-2.38767873924,-5.6550886355,8.31353225681
2000-02-29,1.99368095057,-0.802248256762,-5.85929756097,9.61641389551
2000-03-01,0.88044001697,-0.718424505662,-5.63742110476,8.5166880517
2000-03-02,0.739616275982,-1.31372849308,-5.25224791439,9.3943834417
2000-03-03,-0.157066506634,-1.86115531338,-2.50587071268,10.4306516009
2000-03-04,-1.09265895241,-1.06863615522,-2.66634157722,11.0218407784
2000-03-05,-2.99645810758,-2.40865213227,-2.86567954638,11.2515976843
2000-03-06,-2.28342269656,-4.47902263487,-3.30959658678,11.3637657416
2000-03-07,-1.72927054146,-5.65218947486,-3.8619760756,12.7749315786
2000-03-08,-0.69489682802,-6.38653101498,-4.9399803626,10.9462602233
2000-03-09,-0.577105425413,-5.96086135757,-5.28994299269,10.9446740386
2000-03-10,-0.409253519719,-5.17047976432,-6.23326391375,10.7167618959
2000-03-11,-0.880084699457,-5.26508114439,-6.97305125395,9.25636484003
2000-03-12,-0.897740220899,-4.58604460681,-8.24504353363,9.9312941996
2000-03-13,-2.1707090578,-4.38527131036,-10.0395294747,9.7126314303
2000-03-14,-2.48271467028,-2.84232543562,-11.3961496352,9.67951975614
2000-03-15,-2.85492050823,-1.0052939146,-13.1072637269,10.090858695
2000-03-16,-1.69630106027,-1.52454070225,-13.4012815993,10.027761389
2000-03-17,-1.29022275319,-2.68906541356,-13.4827356457,10.2171461309
2000-03-18,-2.48837942439,-3.31984601965,-12.385687748,10.7950935844
2000-03-19,-2.92140864292,-2.47068669034,-11.0464252345,10.1653806049
2000-03-20,-2.2314724247,-3.32568333543,-10.5460408563,9.56102017038
2000-03-21,-4.05684879419,-2.6565979916,-9.87115408397,10.7007583239
2000-03-22,-4.68382329734,-2.69297024165,-10.5198814047,10.0702283894
2000-03-23,-4.19596528996,-1.92603931936,-10.8482017858,12.335016329
2000-03-24,-2.79381090645,-2.75769572343,-8.76602967883,14.4833963807
2000-03-25,-3.23536832875,-2.52996861367,-8.0728288576,15.3076572258
2000-03-26,-1.97042912488,-1.30105915235,-7.7005604943,15.2654418737
2000-03-27,-1.22710698996,-2.02046096133,-8.06183682623,14.8218667349
2000-03-28,-1.28123028403,-3.02175746786,-8.37775785533,12.7729000749
2000-03-29,-0.076283125531,-2.61734233934,-7.9910139017,12.9764957286
2000-03-30,2.1017487019,-3.71161253502,-6.08350073675,12.1453343024
2000-03-31,2.35888074637,-2.00808555768,-5.86233561019,10.638464637
2000-04-01,1.53090906781,-2.39775683912,-6.61184705494,10.045497103
2000-04-02,2.12567479439,-2.2372151821,-7.19102120922,11.1697082951
2000-04-03,-0.941178396468,-0.949953965358,-7.0845712496,10.9717733495
2000-04-04,-0.251989643478,-1.97442254672,-6.70927873201,11.7673522362
2000-04-05,-1.20988226498,-1.24481025326,-8.70449099389,10.5798029336
2000-04-06,-2.75847030392,-1.41598285198,-7.75472605327,9.34843813214
2000-04-07,-1.93016414191,-3.5292456062,-9.69789410203,8.58443575747
2000-04-08,-2.91492576445,-4.44002664892,-9.56630626683,8.28874559235
2000-04-09,-4.3702723532,-6.39123666458,-9.61288495974,8.77465235416
2000-04-10,-3.14348137177,-4.99307918894,-11.7110135006,8.14559252131
2000-04-11,-1.13317424303,-3.89090840681,-12.1176421193,6.00311305106
2000-04-12,-1.64005001492,-5.52286288406,-12.3162889578,5.45253888219
2000-04-13,-1.42294816609,-6.54123441627,-11.6465640519,4.86977085193
2000-04-14,-3.66422271721,-6.33127379394,-11.5124797103,3.73956426729
2000-04-15,-2.78788974893,-6.477057601,-10.980270198,3.99181435863
2000-04-16,-3.18054378724,-6.68532253526,-10.1554663203,3.40927715332
2000-04-17,-3.07287984394,-6.68836222534,-9.91784055509,4.05709173727
2000-04-18,-2.91582534115,-6.54969376984,-10.2813427156,3.22270084518
2000-04-19,-3.44772269547,-6.10764047086,-10.6784936575,2.84679133656
2000-04-20,-5.82235654787,-4.45757174127,-9.87199466246,3.76051446835
2000-04-21,-6.11392532937,-3.3249575687,-9.73703601949,4.40725776868
2000-04-22,-5.27993036441,-1.55857231929,-9.27174836731,4.52009151311
2000-04-23,-4.56766248322,-0.864845206318,-10.164821771,5.80757153218
2000-04-24,-2.72499404124,-2.72837518373,-11.2334670876,6.06708500875
2000-04-25,-2.20452817415,-2.80784945054,-8.7978207985,6.21979769028
2000-04-26,-3.2742318153,-1.8311172923,-8.03298855653,6.05584710218
2000-04-27,-4.20801761921,-2.76309411675,-7.31186662638,6.12421680605
2000-04-28,-4.77193108166,-2.30812816577,-6.2537995844,4.60763248058
2000-04-29,-5.74268835617,-1.99804492179,-4.97278973894,3.51019943673
2000-04-30,-6.64119381292,-1.64923278756,-5.82255870835,2.26462550537
2000-05-01,-7.04117485383,-1.91462854113,-3.92111457874,2.080193259
2000-05-02,-7.4696758351,-3.14493907215,-2.95604316273,2.74423718886
2000-05-03,-7.75854669192,-3.14565484064,-1.15076113097,3.02647727382
2000-05-04,-8.92141652199,-1.71319798129,-1.42004526884,3.04169291053
2000-05-05,-8.82097898484,-1.15706246972,-2.06438364579,2.3940255833
2000-05-06,-9.29966356731,1.26608992845,-0.867148694189,1.04310281482
2000-05-07,-9.46461342386,-1.42405855487,-0.986677273153,2.33140611789
2000-05-08,-10.03986517,-0.711229152305,-1.6741877095,2.23703074824
2000-05-09,-9.50693683852,-0.714198764405,-1.40365245304,2.29031984114
2000-05-10,-8.43348201885,-0.465727830181,-1.6558345442,3.20858361054
2000-05-11,-7.23065370471,-0.0252001236179,-1.83028961226,2.28658472101
2000-05-12,-6.83191552924,0.295102916404,-2.841620672,2.37219054009
2000-05-13,-8.08799605664,-0.226428923152,-1.81742123418,4.16172070806
2000-05-14,-9.43177776239,0.0713457597979,-3.21034273132,4.05008693608
2000-05-15,-9.31643047109,0.0203541082354,-2.65962790714,5.83383257644
2000-05-16,-8.77813489928,0.386517789411,-1.37196223718,5.1788410133
2000-05-17,-9.67324218633,-0.212642444957,-1.65755931348,6.05807887055
2000-05-18,-11.1675169051,-0.818514664569,0.58227914486,7.39479274073
2000-05-19,-11.7113713199,-1.31195713219,1.14159933342,6.9148754792
2000-05-20,-10.955890071,-0.304397694858,1.07230829265,6.25351044456
2000-05-21,-11.4424786166,0.800563919063,0.602448483502,6.96959539521
2000-05-22,-11.1572594173,2.07521201971,-0.24474279817,9.39522451743
2000-05-23,-11.9423592796,1.00572732494,-0.219847149282,10.5247499989
2000-05-24,-12.7124814191,3.29199646741,-0.537400610628,11.4344566549
2000-05-25,-13.878828841,3.46669859293,-1.15802259551,11.5514697917
2000-05-26,-13.7252082443,3.40288433829,-1.81137746461,13.0450353948
2000-05-27,-13.7945484187,2.86203707264,-2.57647750633,15.5639871083
2000-05-28,-15.0526986574,3.25550419713,-1.99852344395,15.4887724519
2000-05-29,-16.0616536617,4.17175217826,-4.09839994421,15.9225090936
2000-05-30,-16.4830245672,4.45351890968,-4.07855604586,15.7047808718
2000-05-31,-15.6301974124,5.39484353153,-4.72554727416,15.8884667895
2000-06-01,-15.0189228491,5.89644618731,-3.18820542242,16.6842344052
2000-06-02,-15.5981033066,6.54940153725,-3.7419131517,17.8206436028
2000-06-03,-14.9360994798,5.89050541606,-3.89139112077,18.471996901
2000-06-04,-16.9901273532,6.51441661059,-3.57239949635,18.1506215544
2000-06-05,-17.3677458182,6.73537545623,-4.61994079773,16.2747491344
2000-06-06,-16.8631310587,5.93572607551,-5.22099362181,16.4131012045
2000-06-07,-16.7773325463,5.72995427948,-6.72740051864,15.8661585941
2000-06-08,-14.06685851,4.8547092649,-7.5102738982,15.5702076368
2000-06-09,-15.0218385503,5.37484079427,-6.02530246132,16.6500010935
2000-06-10,-14.2831537051,5.46229959214,-6.03047019406,15.9476808661
2000-06-11,-14.6566171517,5.67543090499,-6.19261212738,15.6909294972
2000-06-12,-16.0139068618,4.2453084852,-6.74827585145,15.2366471989
2000-06-13,-15.8423447825,3.70259020479,-8.8048959279,14.8009583405
2000-06-14,-18.5977178097,4.16799712068,-6.94071406502,16.211586887
2000-06-15,-18.7164903978,4.16307956521,-4.73191347934,16.5350241014
2000-06-16,-18.4897457292,3.84805193682,-5.35423896555,17.7775223353
2000-06-17,-15.831828448,1.39544807902,-6.56371810181,18.2795764948
2000-06-18,-15.0799042432,2.34099298728,-7.76763707965,18.2777193675
2000-06-19,-13.6236682573,2.08521330654,-7.02851895202,16.4101764414
2000-06-20,-13.4331187426,2.53828015968,-7.04519042882,14.4126785945
2000-06-21,-12.2795157635,4.22073406229,-8.65217069848,13.7377584158
2000-06-22,-12.9876302702,3.62841170915,-9.63079661294,14.1396721817
2000-06-23,-12.1470792559,3.01681507084,-9.48630919301,14.3998812497
2000-06-24,-11.424700989,3.47734735141,-8.55887081373,14.891776863
2000-06-25,-10.6887628301,1.42527668945,-8.48238062526,12.5856490824
2000-06-26,-10.2007317158,-0.53132286569,-7.53510831608,11.8098035352
2000-06-27,-8.83650807835,-1.52630835882,-7.91905512618,12.8029669005
2000-06-28,-9.01891236942,-1.32105881961,-6.66144057057,13.0573006686
2000-06-29,-8.20975619889,-1.65430448117,-6.52360163591,14.9914577627
2000-06-30,-7.69208183137,-0.883966978701,-7.27037496725,13.2844313649
2000-07-01,-8.0276375516,-1.11262090744,-5.59921489406,14.2219178482
2000-07-02,-8.32210821835,-1.5688334878,-4.59748403509,12.1823712499
2000-07-03,-7.92344716698,-0.641811052961,-5.00766719892,12.0619296954
2000-07-04,-7.8454595332,-1.06858511778,-3.81835261652,12.2626416151
2000-07-05,-9.41333251276,0.741112738856,-3.83702246709,12.7812990325
2000-07-06,-6.98761767517,0.708296851206,-3.27880488148,13.7944008892
2000-07-07,-7.62916044608,0.816360376715,-2.43735786734,15.6013301944
2000-07-08,-8.10874465219,2.77884743218,-3.63281623093,15.5457629358
2000-07-09,-6.50487931869,1.56770503159,-4.29468127256,15.1831153866
2000-07-10,-6.61528884872,1.24824186032,-6.09363168353,15.2488519907
2000-07-11,-6.15556918614,0.73212165831,-7.1624302362,13.6387823899
2000-07-12,-6.70169466429,0.387157249761,-6.87266300992,14.1064935386
2000-07-13,-4.2746212238,1.11767122752,-6.81599284555,15.5151674687
2000-07-14,-4.54746534383,1.9406246077,-8.79401888384,17.348600804
2000-07-15,-4.14097533539,1.684458363,-8.13815624733,17.9295598292
2000-07-16,-3.5901855309,1.61338339665,-8.61181753892,18.642741713
2000-07-17,-3.45010383043,2.60696067817,-7.78387980153,19.5142786163
2000-07-18,-4.32745076339,2.50575553392,-7.15276415619,20.1249316575
2000-07-19,-4.35411673923,1.68535685138,-6.85542796055,20.1819065909
2000-07-20,-3.40940960885,1.10181970065,-5.52656318751,21.5087138564
2000-07-21,-4.25557749944,0.539177534214,-5.43033686199,23.05408306
2000-07-22,-4.51364649774,0.0529945023637,-6.39320024126,23.7793820602
2000-07-23,-4.4536682197,-0.0711414507235,-6.1487544203,24.6334998879
2000-07-24,-4.13910619599,1.39203417021,-7.02445714532,25.8316394376
2000-07-25,-4.48703702566,2.5299991201,-7.258762266,25.5008054608
2000-07-26,-5.11368248609,2.28938748885,-6.36142755993,24.5105893258
2000-07-27,-4.97068598108,2.09609842111,-5.23757611148,24.4025863397
2000-07-28,-6.64114485905,1.25218833196,-4.64786291003,25.1162670651
2000-07-29,-4.47087279971,1.69662973269,-2.06233649687,26.9242018207
2000-07-30,-4.73429395977,2.31474386395,-2.68434751478,27.2851062933
2000-07-31,-4.94523697343,2.42818915605,-2.20145016378,27.2443170024
2000-08-01,-4.89331426576,2.34602622563,-1.92021706185,28.5643245288
2000-08-02,-4.06164871504,1.48532174681,-0.335456037421,27.0239600527
2000-08-03,-4.39795770955,0.741945454713,0.125733727023,27.7111524411
2000-08-04,-1.20248727998,-0.865127907484,0.949502790468,28.2325001926
2000-08-05,-0.026379523205,-1.26536442656,0.897611354714,29.019597511
2000-08-06,-1.22111386523,-1.9623435603,-0.292231871044,27.7377991725
2000-08-07,-1.32686742903,-3.08923621525,0.671315925273,27.8415847874
2000-08-08,-1.62871352804,-3.84438493399,-0.642718820063,26.6892254317
2000-08-09,-0.678192977916,-3.85000122372,-0.00679286610396,27.8975378162
2000-08-10,-0.713890024834,-3.4041214883,-0.415365831221,26.2456034477
2000-08-11,-1.50947166056,-3.01556843545,-0.802867012325,25.7407827658
2000-08-12,-0.963018036976,-5.8238518851,-3.33564669174,26.7961604237
2000-08-13,-0.329715055003,-7.30759791551,-3.43755811164,26.5049438105
2000-08-14,0.369339932832,-7.44088229201,-2.98610981991,25.3889010273
2000-08-15,0.721350709126,-6.95487139464,-2.80535522222,26.1528227854
2000-08-16,-1.22891876376,-7.16213009923,-3.93781897782,27.2478223947
2000-08-17,-0.421676483534,-8.23900760953,-3.57333303648,28.2948516924
2000-08-18,-1.49396680027,-7.65072084557,-4.12855927365,28.0125026895
2000-08-19,-1.92626769181,-7.69613492787,-2.67017661913,27.240023442
2000-08-20,-0.735035840426,-7.43007300947,-3.8919509062,26.189065573
2000-08-21,0.160840509207,-7.04874384138,-4.05576098793,25.4039622892
2000-08-22,0.0526330020602,-9.35526288449,-2.84912736043,26.4740888208
2000-08-23,0.600981164868,-8.28161025528,-3.76319780662,26.0875985738
2000-08-24,0.0873762388547,-7.72095164581,-2.87988029018,24.7737510299
2000-08-25,-1.17027543835,-10.7405895459,-3.71064270771,23.2689563857
2000-08-26,-0.758808244897,-8.96114311359,-4.77502381891,23.390563816
2000-08-27,-2.21249771179,-7.7308716106,-4.72670226302,21.6384489165
2000-08-28,-3.26235547665,-7.73731285329,-3.78346580021,22.3094826971
2000-08-29,-3.27457977888,-7.16348449692,-3.86150793083,22.3834626177
2000-08-30,-4.45242898309,-6.69672402783,-3.9085935488,24.1829955462
2000-08-31,-4.8840030929,-7.30371039824,-3.15266151745,23.4837402906
2000-09-01,-4.52387212434,-6.97259892759,-2.50089811122,23.2788224038
2000-09-02,-5.03919134139,-7.00054705995,-2.13585043043,24.3368454533
2000-09-03,-5.7361600551,-6.11328565725,-2.58968390763,23.2624791968
2000-09-04,-5.81157143022,-5.75678729583,-3.63596202168,22.912112569
2000-09-05,-5.54629805078,-5.65296170511,-4.83507132061,21.178211805
2000-09-06,-6.99691841857,-5.69296086788,-6.05522192454,20.991097807
2000-09-07,-7.15548345677,-5.39523246834,-9.00480303044,20.7218492899
2000-09-08,-6.79850601448,-5.97956395681,-8.25263298964,19.6455327405
2000-09-09,-7.29432818584,-5.01959362299,-7.52143193304,20.1573506288
2000-09-10,-6.5571951672,-4.14761361372,-7.52172311234,19.4921186997
2000-09-11,-4.8154112185,-6.56311412051,-7.0025151415,19.3125320216
2000-09-12,-6.17915769604,-6.34958722245,-6.99807747954,19.670246657
2000-09-13,-6.70077241911,-7.17075681847,-8.24657541129,19.4830776158
2000-09-14,-7.86662864295,-5.77022837671,-6.75965323498,19.0137122101
2000-09-15,-6.69347311006,-5.03017878506,-6.05856604586,18.8808642042
2000-09-16,-7.04015945136,-3.59092957787,-4.46590057816,19.0864648446
2000-09-17,-8.26685404848,-2.63422886991,-4.42543029352,17.7511292031
2000-09-18,-8.05104720516,-3.32144262324,-3.81780719692,17.2236342629
2000-09-19,-8.43306152175,-2.48484217134,-4.73216358009,16.4000885827
2000-09-20,-8.60683216455,-1.62588845349,-5.4945289816,16.365274032
2000-09-21,-9.17830807707,-1.62435333192,-5.4443694972,16.997003385
2000-09-22,-8.47686342911,-2.47243790365,-4.76489759911,16.4415769608
2000-09-23,-10.0826174408,-2.64652014825,-4.66113611313,16.0901197534
2000-09-24,-10.776293228,-3.31250068942,-5.59841691612,15.3825526156
2000-09-25,-10.969246122,-2.80791674097,-4.23028004387,16.2722751427
2000-09-26,-12.2300390627,-2.59703599123,-4.22722700528,15.0591218555
2000-09-27,-11.1098177098,-4.22143556485,-2.78516521329,15.7923781948
2000-09-28,-11.2148784446,-3.06180283638,-1.42043522713,16.8140472813
2000-09-29,-11.1458961718,-2.74441366526,-1.29715425781,17.263957765
2000-09-30,-10.7161046228,-3.47051303094,0.336809135765,16.0827084023
2000-10-01,-12.8048103919,-3.81193859066,0.0418291046407,16.6801448128
2000-10-02,-14.0922283868,-4.06935095201,0.133984003882,17.1248045278
2000-10-03,-14.3307970128,-3.81447485657,-2.36683931615,17.1054543641
2000-10-04,-15.9095808108,-2.244804773,-2.72539755625,16.0754630397
2000-10-05,-16.4050673242,-1.12076501865,-2.89444041115,17.2780510649
2000-10-06,-15.6106866007,0.506970816446,-2.89070564621,16.6677219467
2000-10-07,-13.6109737587,1.02158474838,-3.46372712264,17.9545878289
2000-10-08,-13.1331306076,1.08934486689,-3.67472058763,16.7820734668
2000-10-09,-12.9708730778,1.29223789154,-3.67478412689,18.0742356983
2000-10-10,-13.8818291358,2.52259369575,-3.47224545492,17.8280526127
2000-10-11,-15.2322972903,3.12459792395,-3.77547774729,16.0817363713
2000-10-12,-14.4201268406,4.76704963363,-3.60095611143,13.8062598721
2000-10-13,-14.3734298844,7.11128039835,-4.0354263023,14.5791679986
2000-10-14,-14.8870439723,7.32765135476,-3.2479664765,13.4034483823
2000-10-15,-14.719554853,7.18109123668,-2.3529274921,14.637398755
2000-10-16,-15.9595173407,7.66488012839,-3.06562106214,15.8433112861
2000-10-17,-16.9679097894,7.65416556878,-2.60950400564,17.5496526293
2000-10-18,-16.7653707075,7.38274381145,-2.02211864278,17.3008256115
2000-10-19,-16.4302767634,6.91632001572,-1.56044967901,16.1489578644
2000-10-20,-16.4959350049,6.76465901202,-0.521148764002,15.1793222778
2000-10-21,-17.1261850718,5.95089623192,2.91822631998,16.5110209582
2000-10-22,-17.7950673224,6.00854670282,1.37130062837,16.4884445753
2000-10-23,-18.8073679327,6.6383488353,1.29749857905,17.0706234655
2000-10-24,-16.3963114056,7.66696700029,0.809590433404,16.7981356243
2000-10-25,-15.2590679703,6.59448268541,0.360326085078,17.4067777242
2000-10-26,-16.7532260473,6.61801606754,0.507745834215,18.897665692
2000-10-27,-16.9560370497,5.96338089523,-0.00402073051318,18.6058780458
2000-10-28,-17.3113695875,5.85833462551,1.23571403739,18.7610068108
2000-10-29,-19.417492358,5.38914987815,2.8648461069,18.184352237
2000-10-30,-18.6167136829,4.45793906661,2.4998629747,19.3423224036
2000-10-31,-19.6178793885,3.12891058666,3.06972691631,18.6023446421
2000-11-01,-20.3244010843,2.81828014051,2.3512444474,18.9880193893
2000-11-02,-21.6439515247,2.72096921116,1.84327295258,20.3264611358
2000-11-03,-21.9645779643,2.37376052416,4.13173050056,21.0886265899
2000-11-04,-21.7189579488,3.2708903162,2.77697136209,21.5716532833
2000-11-05,-21.0389588961,2.35146508821,2.86741324985,19.8732084376
2000-11-06,-21.6155746188,3.59848007642,2.41239357952,19.7501637721
2000-11-07,-19.6060857174,3.51778555705,0.0875205060397,19.8246212811
2000-11-08,-17.5900508484,4.40524543172,0.533131249295,19.0493392841
2000-11-09,-17.8353770848,5.77377628231,1.09469036381,19.4781142503
2000-11-10,-18.4282722447,6.04826142584,2.28183762455,21.0399550297
2000-11-11,-19.8011899212,4.25917944066,2.49521770513,17.8826187977
2000-11-12,-20.8248418401,2.90367990301,2.11770680271,15.6865970008
2000-11-13,-19.949871551,4.12184368625,1.89900298665,14.4545144032
2000-11-14,-19.0364420462,6.53423500271,0.429179169437,13.2075603964
2000-11-15,-20.99709059,6.81477565475,1.22115928245,13.8573324647
2000-11-16,-20.7247460021,5.53719306806,2.55492432366,14.3541355339
2000-11-17,-20.6801219192,4.32345897579,1.90644493496,15.6800915603
2000-11-18,-19.4278867062,3.44574756323,1.8355133763,15.6517433737
2000-11-19,-17.3473416738,3.05036173208,1.90695321332,15.3703825316
2000-11-20,-17.1126487593,2.63441774049,0.7393276841,14.6206470435
2000-11-21,-15.6493979396,1.76255303309,0.544276114047,14.6843131635
2000-11-22,-14.857529416,1.42892125829,1.54805995749,16.143310625
2000-11-23,-14.5981643379,3.06862253241,1.67372813416,16.0084252773
2000-11-24,-15.2566320861,3.73138758495,1.1599130378,15.6889190848
2000-11-25,-15.0301023326,3.95318600016,1.44509668205,16.1286352012
2000-11-26,-16.9505677329,2.23833237996,0.812034220102,16.0561449372
2000-11-27,-16.62235906,2.07066373408,1.02533025617,16.3202741152
2000-11-28,-16.9754107485,1.951679366,0.103953221197,17.4763573797
2000-11-29,-17.3429981253,1.80609341919,0.264339509411,17.4091734906
2000-11-30,-16.932201996,1.20721729905,1.57164985727,18.089810587
2000-12-01,-16.9305736099,2.34159820896,2.60052336856,17.5155386207
2000-12-02,-16.378230434,1.74777607879,3.82802687611,18.2818072277
2000-12-03,-14.4624616052,2.78266349193,3.84989382918,16.9045414127
2000-12-04,-14.3025929953,2.73086765394,2.59639469655,15.0624458587
2000-12-05,-15.1793882337,3.55370562532,3.38475228361,15.5704261866
2000-12-06,-14.5248376167,4.50069787091,1.80129088952,16.0828716854
2000-12-07,-15.1897147122,4.92467623424,2.27810275632,16.1985119965
2000-12-08,-15.6293400396,6.27199314397,2.19044496049,16.120419824
2000-12-09,-15.1880535947,7.53254450179,1.27912359453,15.4467925657
2000-12-10,-15.5823934023,7.69831222851,1.95082796404,13.6199025891
2000-12-11,-14.4439302544,6.28653865152,1.50155095149,12.8844689798
2000-12-12,-14.9849943051,7.37630972711,0.140615531263,11.5995119862
2000-12-13,-14.7591338391,6.34968888653,1.07127403887,9.94793632039
2000-12-14,-14.0703579058,5.68907852472,2.67343424813,8.8229936864
2000-12-15,-12.7367165663,5.21288687099,4.78760359106,9.97345326344
2000-12-16,-14.1294590119,3.62664554928,5.01877029467,8.75854901325
2000-12-17,-14.562566622,3.01371296506,4.90184358889,10.8891217312
2000-12-18,-13.7037451887,2.81679726913,5.27566664898,11.9755673174
2000-12-19,-13.4035781535,3.0595464977,4.62175999926,13.1742074407
2000-12-20,-13.7699093435,2.17260709712,4.53283901184,12.5300343094
2000-12-21,-11.3219948128,3.79491210394,4.37729966071,12.0441532283
2000-12-22,-12.7704800488,5.0405867205,3.7779262064,13.5899285879
2000-12-23,-13.8722314728,4.57409523411,4.54744931046,14.5535122622
2000-12-24,-14.8040905602,5.0322182234,3.01982163322,15.7841129592
2000-12-25,-15.4157716373,5.2741846323,3.42090488516,16.3428593168
2000-12-26,-15.2631916027,6.58536853012,3.19215215833,15.8310655711
2000-12-27,-14.5848977725,5.98331987177,3.07666281714,15.3796990378
2000-12-28,-15.7619776323,5.618269328,4.42534311697,16.4562153684
2000-12-29,-16.7191124483,5.1219131834,4.4612478524,17.5249026162
2000-12-30,-17.6203953041,3.2944847537,3.80641060023,17.9267661815
2000-12-31,-14.8256797132,4.36111810193,2.11396773735,17.5752462818
2001-01-01,-14.4078876569,4.94909790691,3.12459582767,17.3964625228
2001-01-02,-14.2453126923,3.83357629877,3.37257846297,18.9538741699
2001-01-03,-14.4495692287,3.15295391175,1.76002457057,19.5691141253
2001-01-04,-15.1802418319,5.06994794775,2.29074138276,19.0003742496
2001-01-05,-13.4317863651,4.50165540921,0.77360637089,19.2862471865
2001-01-06,-13.2439293733,2.34232811293,-0.431674370023,19.4242715768
2001-01-07,-13.2402445948,2.01272361381,-0.0245577402065,19.0120731925
2001-01-08,-11.6869331544,1.7109612724,0.974111247243,19.1163677515
2001-01-09,-11.2067331466,2.53909773928,0.682970107247,19.6061660447
2001-01-10,-11.3214857499,2.87439135304,-0.0699133548709,21.4371341222
2001-01-11,-11.2075673662,2.26683471033,0.190744514718,20.2964580265
2001-01-12,-9.99360965205,2.34146905199,1.1396153659,20.5029182642
2001-01-13,-11.0207926195,3.88815726864,2.54269925576,19.3348028803
2001-01-14,-11.143915667,5.01228816059,2.93343995326,18.4933579094
2001-01-15,-11.4725978415,4.32353544845,2.3346558178,17.3787535782
2001-01-16,-13.0879380785,5.43002890993,2.31288313074,17.3894104731
2001-01-17,-11.7552690922,5.55162671558,0.883793117818,18.7801985732
2001-01-18,-11.4354251986,6.58562413622,0.965943102198,17.2076081657
2001-01-19,-11.4921915387,6.54375109122,0.768245197336,17.3862972062
2001-01-20,-12.8311440023,6.49746164994,-0.205635485389,16.612201543
2001-01-21,-15.0748223736,6.05347149958,0.179321599856,18.2802583585
2001-01-22,-15.3684181037,6.35525648374,1.89180886595,17.5998482281
2001-01-23,-14.563635711,4.92672840615,3.2201800301,17.362021724
2001-01-24,-15.9318250154,4.90471677662,2.9140130109,17.1208750262
2001-01-25,-17.2627192193,4.37771662511,1.87550825984,16.5540146664
2001-01-26,-19.389928111,4.47000662041,1.60111863051,15.6783437347
2001-01-27,-20.1069741329,5.57201657313,1.66161526122,14.9728453351
2001-01-28,-20.4675984489,4.96133094234,1.61197415906,14.1595193522
2001-01-29,-20.7568285741,3.62395319855,1.26839008532,13.0512565752
2001-01-30,-21.7110665632,4.4614205596,0.152446685696,12.1735157414
2001-01-31,-23.4756090843,4.49564026533,-0.438414901961,12.8867049793
2001-02-01,-23.6174342315,3.88995916512,0.323018070164,10.584152384
2001-02-02,-21.6898099283,2.50324649952,0.237397798723,10.0714792307
2001-02-03,-22.6973385841,2.67379644014,0.619924694227,9.3923435449
2001-02-04,-23.6575574452,3.99797045147,0.18666390359,8.85995392344
2001-02-05,-22.6514569798,4.74271658347,-0.0542636991778,7.78495969552
2001-02-06,-24.796713676,4.86987690419,0.150918022137,6.42925970517
2001-02-07,-24.7622153237,6.50998511125,-0.595770267178,7.56546892575
2001-02-08,-25.4740207304,7.02440289029,-0.428504761302,6.27414574187
2001-02-09,-24.3238473345,7.97018813627,0.371286080485,7.07529802994
2001-02-10,-25.1871300974,7.66917843791,0.485129373508,4.50641568156
2001-02-11,-25.9466308561,8.89371122737,1.35112369534,4.93975646174
2001-02-12,-24.8497837209,8.66971629837,0.656847417333,6.1676019945
2001-02-13,-23.5683607414,9.26587751569,1.94268109062,6.03015542381
2001-02-14,-23.2547494833,9.49258671438,1.10469068341,6.74845634511
2001-02-15,-22.8696821823,10.6380708882,-0.523914115468,6.13366928795
2001-02-16,-23.9772533705,11.4564487837,-1.31282818021,4.91429957413
2001-02-17,-24.0732569345,12.2861354554,-0.679729762821,4.71611635672
2001-02-18,-23.0523141909,12.0790695858,-0.371916752766,5.35086753696
2001-02-19,-23.2291409478,10.4389713282,-2.60658660968,5.76102641081
2001-02-20,-24.1247100774,9.64837106038,-3.10122595614,5.79041499413
2001-02-21,-23.6558808525,7.7719465152,-3.64130959726,6.89857585528
2001-02-22,-22.5390497867,7.97940309331,-2.6111729228,8.99235415048
2001-02-23,-23.0509369736,7.88697240278,-1.26713962006,8.70487725478
2001-02-24,-22.400316361,6.88089131527,-0.00155198661403,9.27471691798
2001-02-25,-24.2564834047,6.3731973655,-0.31449066441,10.4097992011
2001-02-26,-23.0545127264,5.38538332778,-0.71621775283,10.0610379968
2001-02-27,-22.3115153036,4.58956967211,0.250624905482,12.0064284112
2001-02-28,-22.9046137396,3.62488702682,-1.17596989822,14.2319451652
2001-03-01,-23.5492035126,4.87712888909,-0.336097934182,15.4902051598
2001-03-02,-23.2518887374,3.18491437537,-1.18354618837,16.0095231076
2001-03-03,-21.8975879424,4.08585709339,-3.26345669701,15.9046232025
2001-03-04,-22.0376939583,2.20988650724,-4.25207761651,16.2461938836
2001-03-05,-21.8945182703,2.36869374263,-4.34114964002,17.1505331418
2001-03-06,-22.5954486412,1.45461005014,-5.22016044929,17.4844214953
2001-03-07,-21.787672576,-0.422358065701,-6.08513216092,17.6479383387
2001-03-08,-21.4614044447,-0.70612491164,-5.84654071774,17.2366503284
2001-03-09,-21.5279087588,0.215053697973,-5.56809336898,17.1762073349
2001-03-10,-22.2024783011,0.0647398251348,-4.51112553511,18.178304315
2001-03-11,-23.0592218938,-0.0696995195342,-4.56790446232,19.2601386839
2001-03-12,-23.3455084743,0.541251769106,-4.11714973357,20.5548894718
2001-03-13,-23.3793468502,0.985166764358,-3.05874971095,19.9654275228
2001-03-14,-23.970619312,0.00749875305804,-3.49358246256,19.9777874875
2001-03-15,-25.0415716947,0.470851206462,-2.29920478531,19.9683366565
2001-03-16,-26.1450043196,0.583113892045,-2.3159188015,18.8709159752
2001-03-17,-27.6990068252,-0.259053045656,-2.57219335531,17.3681153833
2001-03-18,-26.6375168749,-1.43027886267,-3.41028026255,17.2587196356
2001-03-19,-25.20045418,-1.41083640177,-2.40715758129,16.7336124116
2001-03-20,-24.1663947566,-1.75880062438,-4.28966612243,14.6502219729
2001-03-21,-25.1782369484,-1.44973123082,-4.11098985175,14.7401723127
2001-03-22,-24.2869250547,-1.99896149916,-2.88310276487,15.1808461873
2001-03-23,-25.5672872068,-0.665191350877,-2.78014791865,15.3944674123
2001-03-24,-26.5358736637,-0.47596562382,-3.44191981867,16.7076428069
2001-03-25,-25.8667236551,0.0778825638816,-2.18993892696,18.0644586433
2001-03-26,-26.1653538641,1.02177706155,-1.41445206227,17.6559470573
2001-03-27,-26.1994758271,0.212146760969,-1.8338350524,19.6419207837
2001-03-28,-25.7043315404,0.638108100182,-1.39511990129,18.1633371953
2001-03-29,-27.1662642412,-0.317841307473,-2.57556263649,16.5801021063
2001-03-30,-26.253493405,-0.216868755712,-2.07862948741,17.6842877893
2001-03-31,-26.2853688978,-0.946146607866,-1.23507416019,17.7321202075
2001-04-01,-26.4207532538,0.651878089803,-0.213274471418,17.391947915
2001-04-02,-26.6667539993,0.383137446087,-0.856022935317,16.4446410687
2001-04-03,-27.437819381,-0.700913551363,-0.0324411401763,18.652458946
2001-04-04,-27.2156410703,-0.696970290787,1.50839549366,18.7992379798
2001-04-05,-26.8432090631,-2.332289501,1.41453352295,18.8962261884
2001-04-06,-27.0921559563,-3.06703127627,1.57584718485,18.3649080502
2001-04-07,-27.5944193645,-1.93871565816,0.144454099822,20.247575345
2001-04-08,-28.0181959402,-2.24923241034,-1.57075208603,18.6012050567
2001-04-09,-26.6485973839,-0.793939994943,-3.23230095629,18.4533162801
2001-04-10,-26.4637612821,-1.88350255789,-3.01467916377,17.6678534022
2001-04-11,-25.2795452615,-3.51168403003,-4.78092198381,19.8685140243
2001-04-12,-27.379386799,-3.91431037614,-4.56510193455,21.3671897595
2001-04-13,-28.4268970479,-2.74852984026,-3.73534590793,20.8255822654
2001-04-14,-26.9715973985,-5.18747666325,-4.65524257871,21.1151831471
2001-04-15,-25.9415855061,-5.59644092541,-3.26264107918,21.9538357084
2001-04-16,-24.7610543295,-5.45161463171,-3.44217070521,20.5523758186
2001-04-17,-24.918556348,-5.29611043824,-3.78084363114,22.4172688571
2001-04-18,-25.0400521935,-4.75717868032,-2.95299759583,22.5606282582
2001-04-19,-25.7308317629,-3.77559400336,-5.29651248812,21.0749867161
2001-04-20,-26.153148212,-4.2624546617,-5.06810479409,20.6182073203
2001-04-21,-25.8227494078,-3.00868539973,-5.39560165891,20.9025015286
2001-04-22,-26.8061717536,-4.01017055426,-5.50605623429,22.3538656735
2001-04-23,-25.3469686888,-3.26575708632,-6.29807441621,22.1381399373
2001-04-24,-24.8661081277,-2.52006936554,-7.88392067452,22.5729668828
2001-04-25,-23.2608593253,-2.95538669751,-8.75852011615,24.3589643009
2001-04-26,-23.8759787517,-2.1713523529,-8.64987618936,23.888851687
2001-04-27,-24.3708395091,-5.17957104462,-10.1008382909,23.0199051346
2001-04-28,-23.6339101225,-4.14258713656,-10.4570029053,22.4610180714
2001-04-29,-22.6052092412,-2.82189437021,-12.1694436268,21.5356169834
2001-04-30,-22.0911278947,-1.93602496115,-12.1074944175,22.828452089
2001-05-01,-22.8654472321,-0.154409437026,-11.4257249758,24.5710253949
2001-05-02,-23.5210543593,-0.18821398442,-11.0083393356,24.0054225874
2001-05-03,-24.629336087,0.295306175934,-10.0449554951,22.7864889656
2001-05-04,-25.2408621779,1.16909007478,-10.5944342966,22.7848494878
2001-05-05,-24.007816138,1.19163042483,-11.2649310475,23.1133214127
2001-05-06,-24.3335672724,1.08506403505,-10.5772606356,23.3517312871
2001-05-07,-25.3629075105,1.21769832083,-10.3762608501,23.1857969667
2001-05-08,-24.6163228156,0.150321408747,-9.67304477673,23.2197490882
2001-05-09,-24.6109857667,-0.786182201788,-11.3539408352,23.1936832618
2001-05-10,-24.0239947334,0.618999494277,-10.6162530302,22.453579865
2001-05-11,-22.8858891719,-0.180893661415,-10.062606127,22.2439295424
2001-05-12,-23.288545038,0.218851735729,-9.28638854536,22.4978443751
2001-05-13,-23.1392838572,0.785882119473,-9.35064806472,24.7401722315
2001-05-14,-23.7555287036,1.80414701763,-8.63343956333,24.8406361434
2001-05-15,-24.1488881222,3.09787008406,-8.99172860551,24.7294910102
2001-05-16,-23.0903780776,3.28513280568,-9.83919323828,23.6172275545
2001-05-17,-21.3842568573,4.85931628093,-9.08977181156,25.2860598365
2001-05-18,-21.3573686383,5.08017879436,-8.83156872163,25.8848468435
2001-05-19,-19.7466139642,3.42862653319,-9.50986234929,25.0683535875
2001-05-20,-19.493022618,3.67396781581,-10.5320206823,25.6431283636
2001-05-21,-17.4406640733,3.60370334541,-8.91891551016,27.3435461531
2001-05-22,-16.4799987805,4.44451479212,-9.33698084952,28.4211337234
2001-05-23,-16.7569497869,4.08731675078,-7.5903247169,28.952144064
2001-05-24,-17.5767522125,4.33211484282,-8.74750530765,28.538003982
2001-05-25,-19.3607271972,5.09574308157,-6.97025512536,29.1715674998
2001-05-26,-19.7861284256,5.32984681068,-8.62649192985,30.1509282176
2001-05-27,-19.5453089563,5.01769217835,-8.13754682487,29.5252023599
2001-05-28,-18.7579164701,5.24882769128,-8.54937477574,29.1897613881
2001-05-29,-19.2232356197,6.14585863388,-8.95579414888,29.5898634983
2001-05-30,-19.6595388499,7.08432850715,-9.72967404326,29.1083676812
2001-05-31,-19.3444751604,7.06010311245,-10.6812208059,29.129029747
2001-06-01,-17.4252831694,5.36208642269,-9.34888242263,28.9869075581
2001-06-02,-17.5843731153,5.61823562446,-9.29060292946,27.4404331875
2001-06-03,-16.3907610911,5.56262271721,-9.18857494469,27.7793706703
2001-06-04,-16.4502345007,6.11750429791,-8.69008114763,27.2601752942
2001-06-05,-15.9506696725,5.96282131376,-8.44772292017,27.7302568387
2001-06-06,-16.1506134193,5.71871358586,-8.51717927013,27.9876090447
2001-06-07,-16.8762649039,5.65741442801,-8.46875796617,27.9424080854
2001-06-08,-18.9355672216,7.04969808438,-8.25831301964,28.8886708445
2001-06-09,-19.2434906847,6.35565844755,-8.72729531867,27.6736749918
2001-06-10,-19.3485484056,6.5805963134,-7.78591686671,28.224576747
2001-06-11,-18.4473340216,6.96226157166,-6.89064046475,28.1783580338
2001-06-12,-17.0454348935,5.71471885215,-6.94307126796,27.7675152309
2001-06-13,-16.6697708169,5.99203855256,-8.12092831039,26.6242971432
2001-06-14,-16.5468805299,6.06367394674,-8.39665954541,30.3138906983
2001-06-15,-17.0156740687,5.14825998659,-9.28481231611,30.1115566523
2001-06-16,-16.5493918007,3.97631627944,-8.37712074086,30.2719013181
2001-06-17,-18.2344462597,3.38663661436,-7.71620071665,31.616771207
2001-06-18,-17.6268802381,4.84477891146,-10.2465520946,31.3793208715
2001-06-19,-19.1180743592,5.58263032301,-9.44423114421,30.5216545331
2001-06-20,-18.5614007412,5.1830332469,-10.0781298241,31.6791875854
2001-06-21,-19.448498358,4.14226994525,-10.8161396486,31.9056109326
2001-06-22,-17.7688053423,4.81009683709,-9.19598899125,32.451047645
2001-06-23,-18.4596130525,4.52810856111,-8.97851247464,34.6497188194
2001-06-24,-18.9337545919,3.18379148758,-10.4850163699,35.2084902038
2001-06-25,-17.3055728239,4.56297515492,-11.0928966627,34.9165421149
2001-06-26,-19.153436184,3.88912174787,-12.257364691,35.2399154433
2001-06-27,-20.1109857156,3.35587030694,-11.910366435,36.2802757115
2001-06-28,-20.0862409848,4.73345651093,-12.5817053763,37.014529527
2001-06-29,-19.3800188525,5.03907985754,-14.0665085505,38.6039393378
2001-06-30,-19.3431489536,4.31534389842,-12.2279382278,39.3125646688
2001-07-01,-17.7094890235,5.52447089706,-12.3955600036,39.298528829
2001-07-02,-17.8636492401,6.3035490304,-14.4388195082,39.421617838
2001-07-03,-16.8815866644,7.18876450684,-14.3914621172,38.5631085192
2001-07-04,-15.5501608062,7.42281659472,-14.8649636869,37.4561396227
2001-07-05,-15.9391003905,6.10962840926,-14.3303785842,39.1281816269
2001-07-06,-16.3935042151,6.55679612887,-17.025854837,37.5178961497
2001-07-07,-15.544969043,6.50331269977,-16.3679243756,35.7925741246
2001-07-08,-14.1237066605,5.59502193128,-15.6807677426,37.761352345
2001-07-09,-14.506731055,4.7860109708,-16.3604498993,36.9402189768
2001-07-10,-15.6297384423,3.37698020716,-16.2748660105,37.2598152633
2001-07-11,-15.2895730074,2.51590573427,-18.9680066268,36.9569874152
2001-07-12,-16.7256926662,3.54563280409,-18.4616683806,36.8997515186
2001-07-13,-18.1384067841,1.04354866036,-18.3296901792,37.0495980341
2001-07-14,-19.9118185125,0.347568356008,-16.6463990656,36.3113027226
2001-07-15,-20.206521072,-0.685479783178,-17.5072325253,35.5781836479
2001-07-16,-20.7942897715,-0.944253821744,-17.0669860692,36.68731701
2001-07-17,-19.9975255172,-1.43428588297,-14.8959394717,35.881702606
2001-07-18,-20.2103839755,-0.754378698632,-15.4176192008,35.9172429242
2001-07-19,-20.5405959678,-0.359434135118,-14.8054334026,36.510470505
2001-07-20,-21.7071032344,-0.439372023142,-14.7140290338,35.2422139112
2001-07-21,-22.4127333117,-0.547831242384,-14.4003660309,36.2848320077
2001-07-22,-22.6866004782,-1.08094085007,-16.7322816695,35.4933324539
2001-07-23,-20.3660558935,-1.25773564203,-15.9151042016,34.1692282285
2001-07-24,-19.6026148593,-2.57591471764,-15.4027041433,34.9106698971
2001-07-25,-20.0225919041,-3.13966649529,-16.1895929191,35.2698698858
2001-07-26,-20.5813714776,-3.59818817466,-16.1780712902,34.950654092
2001-07-27,-21.8208298937,-4.27361934473,-15.5974850288,35.9376406289
2001-07-28,-21.8236383331,-3.46993912351,-16.7158372159,34.7560547224
2001-07-29,-21.2073965333,-3.388180736,-16.2273555726,34.4199766892
2001-07-30,-21.813790651,-4.2105488975,-16.208822895,34.7764839225
2001-07-31,-20.5082463379,-5.76045666544,-17.0361064053,34.2451289011
2001-08-01,-21.7677778679,-8.23815531967,-17.3027346093,33.440240393
2001-08-02,-21.6303474359,-10.3538271271,-16.3850314098,33.7373480046
2001-08-03,-20.6483648363,-9.23061617883,-14.8658777112,33.2771693857
2001-08-04,-20.1216071732,-7.40690860934,-14.7926815312,32.635129799
2001-08-05,-20.8929658062,-6.11308006374,-14.594356841,32.534579193
2001-08-06,-21.3920959079,-6.35862506093,-13.6469212547,32.7025333286
2001-08-07,-23.6994183295,-8.51869315543,-13.7019872385,31.5109216719
2001-08-08,-23.5392517068,-8.84010940025,-14.1415769326,31.9791736427
2001-08-09,-24.0195804422,-11.1032078258,-14.9606775444,31.4068865431
2001-08-10,-25.4936712122,-10.3063695152,-14.4239417015,31.5415070725
2001-08-11,-25.9547658421,-11.1242648803,-13.4215444546,32.4995615596
2001-08-12,-25.1029161702,-12.1008536295,-14.2602979625,32.7844534309
2001-08-13,-25.5201006228,-12.2927814234,-13.0302649697,30.8420421672
2001-08-14,-24.2507261483,-12.090555633,-13.2940407422,31.6075981721
2001-08-15,-25.4909924675,-13.726741166,-15.0136029364,33.3947388435
2001-08-16,-25.1965950188,-14.088322768,-16.5253970359,32.0305160298
2001-08-17,-25.5698485219,-14.1469265314,-16.1385140336,31.4276151562
2001-08-18,-24.7876219293,-14.8542663203,-15.95982486,30.6756452031
2001-08-19,-22.7402277962,-14.2220027941,-15.8304407475,30.0873410923
2001-08-20,-23.3272237072,-14.623117459,-16.4809370726,28.7325333061
2001-08-21,-24.3774312752,-15.7257492753,-17.0612885136,29.3442421954
2001-08-22,-26.2852468241,-14.7210532197,-17.2221950571,29.2073313582
2001-08-23,-27.4815061118,-15.1469046959,-15.4395606986,28.6868533266
2001-08-24,-28.7038601786,-16.0185714688,-14.1907836698,28.5216450887
2001-08-25,-28.5915746697,-16.4450818378,-15.2669637056,29.2730432129
2001-08-26,-28.2789127275,-15.7939514613,-14.3228759684,28.1408896522
2001-08-27,-27.6424939211,-14.4802372101,-15.2353218,27.6142633053
2001-08-28,-28.1173351826,-13.093748311,-16.3652344794,26.0269211336
2001-08-29,-29.365567332,-12.0758263065,-15.3101692788,25.7923000654
2001-08-30,-30.443858886,-12.8790538118,-15.2988966451,24.9496236895
2001-08-31,-29.0646438169,-13.7815676769,-16.1797788963,25.6703430986
2001-09-01,-27.7791302174,-13.1715737699,-16.272693722,24.3133144387
2001-09-02,-27.9615725339,-13.1474587929,-15.5290059648,25.0074354011
2001-09-03,-26.5244628068,-14.2030338036,-13.6463381835,25.7078187786
2001-09-04,-24.5037972185,-13.8437003972,-14.049345694,26.1897214392
2001-09-05,-23.4813043335,-14.0847086772,-12.8995892423,27.8850072438
2001-09-06,-22.4514904592,-12.5724104992,-11.829291624,27.6254739905
2001-09-07,-23.6763758041,-11.7573485013,-10.9774925325,26.8692845229
2001-09-08,-22.4590533271,-12.0513729658,-10.5480841503,27.205194141
2001-09-09,-23.0188420606,-12.6671947072,-12.6103505011,25.0232794998
2001-09-10,-24.5363434549,-12.268837624,-12.7643483207,26.2225500247
2001-09-11,-25.1362644598,-11.5740023854,-14.2177544852,27.0538550427
2001-09-12,-26.177350389,-11.7287882403,-14.1735875322,29.6232687852
2001-09-13,-25.8130105081,-10.4859171099,-14.4852800448,29.6079358059
2001-09-14,-24.9961224046,-10.1502767822,-16.3857662811,29.4973218545
2001-09-15,-24.5319911303,-10.9523670621,-16.7952257836,29.9259416089
2001-09-16,-25.6761215048,-10.5858811656,-16.4863567185,30.7359204444
2001-09-17,-26.6799743652,-10.5252901249,-16.3543593939,31.9046867187
2001-09-18,-27.7294907812,-10.9436263529,-16.2801058186,32.007037099
2001-09-19,-27.3919065238,-11.8045097187,-16.0446878922,33.2941034907
2001-09-20,-28.3753447914,-13.199712152,-16.7779616869,32.9352077184
2001-09-21,-29.0374986622,-12.7986523476,-14.4726938635,32.8449913759
2001-09-22,-29.3051256024,-14.54285772,-15.4416618144,33.7382934849
2001-09-23,-29.1845835411,-14.9248180311,-15.1611969954,34.7671106578
2001-09-24,-30.7932529204,-15.4314532621,-15.6593417256,35.2568991348
2001-09-25,-30.6118150787,-16.0435771531,-15.1985583445,36.1673654629
2001-09-26,-31.1203321827,-16.0215217592,-15.0255155463,35.1249156381
2001-09-27,-31.7719752994,-17.709597048,-14.3101776226,34.2257151112
2001-09-28,-32.2925449476,-18.1600755189,-13.7696751602,33.6402490672
2001-09-29,-33.2838025193,-17.7476214765,-14.6896736005,31.6063564358
2001-09-30,-33.8753496381,-18.1542961564,-14.0043500928,31.3539571868
2001-10-01,-32.7959672452,-17.3113797047,-12.9106181124,31.2210432307
2001-10-02,-31.7706695358,-16.6919021902,-12.7498925808,31.2082435602
2001-10-03,-33.138453285,-16.3230229239,-12.4342387763,29.2801469748
2001-10-04,-33.6389621797,-17.2016372392,-11.5881915439,29.7763099411
2001-10-05,-33.3906075974,-18.0722788343,-10.3380038743,31.0738058712
2001-10-06,-33.0461804784,-17.9588262368,-9.4085804451,31.5780325843
2001-10-07,-30.1867248232,-17.3045158747,-10.8399920871,31.5137103419
2001-10-08,-31.6448081359,-17.0676801595,-10.6152442117,30.2801886857
2001-10-09,-31.6890398838,-15.5228995423,-10.172300401,29.5263151879
2001-10-10,-31.6637228266,-17.097776079,-10.1358407706,29.6299849011
2001-10-11,-32.0726017395,-17.6579197296,-10.1497744454,31.3968778266
2001-10-12,-31.7843346955,-18.0356910406,-9.21740852223,31.6521242955
2001-10-13,-32.632527648,-16.0758512578,-8.78028467847,33.1635531404
2001-10-14,-32.8817245427,-17.4227770178,-9.5065822534,34.4701692182
2001-10-15,-32.810742002,-17.0483276709,-8.4889888907,36.019739006
2001-10-16,-33.248260311,-16.6843115953,-9.45696916082,38.3691514259
2001-10-17,-30.8021530734,-17.682576287,-10.378493281,39.0956674914
2001-10-18,-31.3521504767,-16.4201372282,-8.66508343729,38.6830039892
2001-10-19,-30.6597872391,-17.0068903908,-7.49312419006,39.0678165578
2001-10-20,-30.666262445,-15.6449549551,-8.16423027293,36.7758923902
2001-10-21,-30.0873831177,-15.1109281517,-6.07624633158,36.282657543
2001-10-22,-30.0836261808,-16.8305986047,-5.78827801488,34.9806270373
2001-10-23,-30.5203740166,-17.729510408,-6.27871197846,35.1820735081
2001-10-24,-31.5722867229,-17.8050639457,-5.31843702544,33.9677712639
2001-10-25,-32.6187682606,-16.7277808357,-6.43596084888,34.16506481
2001-10-26,-30.1781761986,-15.6498413071,-7.81747224345,33.1773729159
2001-10-27,-31.4597563561,-13.6259477227,-8.6225129492,33.4658298546
2001-10-28,-30.2134576289,-15.3661359941,-10.3731543457,32.2590630684
2001-10-29,-32.0907832122,-14.220695569,-10.001417262,32.2791872815
2001-10-30,-33.7290227009,-13.553851226,-10.3538263871,31.9671523888
2001-10-31,-33.7338212077,-14.4100981959,-10.4347147048,30.73665915
2001-11-01,-33.3191717146,-14.2324503125,-10.2897221697,30.9502302144
2001-11-02,-34.9517211765,-15.1104390624,-10.9151066906,29.3700976566
2001-11-03,-36.1702255478,-13.4124955949,-10.7333138927,28.7316904496
2001-11-04,-35.4920558578,-12.5760143744,-12.033868021,30.0098796238
2001-11-05,-35.2448776964,-12.1919210814,-11.280855724,27.9759561461
2001-11-06,-35.0759411497,-11.9388238818,-11.5042819348,27.7231430509
2001-11-07,-34.5473295176,-11.0940372698,-12.495266001,29.6696806958
2001-11-08,-33.3135104499,-10.8605942209,-10.9860470964,30.2699895108
2001-11-09,-32.2260829778,-11.6290905722,-12.3468968495,29.4298644715
2001-11-10,-33.5877302694,-11.0139777823,-11.7204500741,29.6892557892
2001-11-11,-34.3078399257,-11.0767848031,-11.4365443218,29.3110947862
2001-11-12,-33.4702228748,-11.5510604275,-10.9457466488,29.3809066016
2001-11-13,-32.2014511854,-11.3150110229,-11.2602718239,29.6124210921
2001-11-14,-33.165997386,-12.6100387973,-10.6523199384,31.1083640414
2001-11-15,-32.5818751929,-11.722884837,-10.9925910526,28.8778466863
2001-11-16,-34.3388574822,-10.7498532991,-12.0300508266,28.2192961438
2001-11-17,-33.9890303129,-10.4978795118,-11.3544219502,29.7456463832
2001-11-18,-35.0127069068,-10.5262278881,-13.1910546776,28.8974706184
2001-11-19,-34.5907684603,-12.0557546624,-12.8733761325,28.4624428645
2001-11-20,-35.6535583747,-11.5463200132,-14.6661505589,29.8255381359
2001-11-21,-34.9715887556,-11.5337871166,-14.7051919952,29.0268012307
2001-11-22,-37.1953231655,-11.3131192558,-15.8376919115,29.1201098866
2001-11-23,-37.0170011719,-12.9387030763,-18.8270333332,28.9051300752
2001-11-24,-38.0846867015,-13.8661284336,-18.2187872751,28.6287806589
2001-11-25,-37.5433161677,-13.3086972525,-17.9243288316,27.9048003955
2001-11-26,-36.7745638183,-13.8829308238,-16.8388555928,26.7194748867
2001-11-27,-34.6239021743,-15.060172095,-16.9749750286,25.7325039863
2001-11-28,-35.586983445,-13.9714632288,-15.5805497449,25.4258817171
2001-11-29,-35.7739651509,-13.969282671,-17.3478348654,24.086581563
2001-11-30,-36.181801834,-16.0680116149,-18.8282427725,25.052096217
2001-12-01,-36.971951312,-16.6547030897,-16.6765163837,24.4644156613
2001-12-02,-36.8435938726,-16.7583107991,-17.6888389089,23.6772789904
2001-12-03,-35.7219846567,-17.3816965866,-17.6004462857,24.1634702146
2001-12-04,-35.2791301195,-16.8180372099,-16.8704841701,24.4912493849
2001-12-05,-35.6365641504,-17.3499188018,-16.9775963675,24.6966580424
2001-12-06,-34.9090415488,-17.1076140973,-16.6680221835,24.2443748628
2001-12-07,-33.8908034491,-16.8856227042,-15.6885282198,25.176399826
2001-12-08,-34.3037603183,-15.4047116253,-16.3056840596,25.7523589272
2001-12-09,-34.0552487413,-14.3658732894,-16.0854853453,26.717772043
2001-12-10,-33.5707591247,-14.7372340693,-15.4875705368,25.0461355516
2001-12-11,-33.6992042089,-14.6722031479,-14.0553522146,24.2237900508
2001-12-12,-34.8425514326,-13.1740257232,-14.9293571544,25.0405980245
2001-12-13,-33.0989604063,-12.1103963401,-13.5529984515,24.2864403003
2001-12-14,-32.4344018135,-11.6447888569,-12.9250346397,23.4797471535
2001-12-15,-32.4113416346,-10.0557848489,-13.4130901492,22.5559855245
2001-12-16,-33.2438779535,-11.3160929323,-14.0765544143,23.0162001002
2001-12-17,-33.0072889134,-12.4564794531,-13.8981381703,22.5758276842
2001-12-18,-34.7181142497,-11.590181807,-12.8268169809,22.9589196012
2001-12-19,-32.8893388172,-10.9767644192,-8.64510935791,23.474273363
2001-12-20,-31.7466502845,-10.2995834467,-8.40471424906,23.7281786646
2001-12-21,-30.3737973658,-9.08436717023,-6.73321849974,24.2793932359
2001-12-22,-30.6761007207,-9.54007843589,-5.39353864696,24.958357263
2001-12-23,-29.0988233548,-7.67440619764,-6.20034489727,24.343750721
2001-12-24,-29.0751077979,-9.86405003624,-6.11152498372,24.4509837486
2001-12-25,-31.7303458301,-10.1132053124,-5.42316498928,25.8836524706
2001-12-26,-31.746285181,-9.67740405179,-6.59120882476,27.5659889459
2001-12-27,-30.8487787104,-8.62956592796,-7.52538705375,26.9747661947
2001-12-28,-31.5516728685,-9.38036739777,-8.13205737905,25.3523065237
2001-12-29,-32.6275948276,-10.6910979962,-8.74144017202,27.364011705
2001-12-30,-32.2665962972,-9.87450559815,-9.65885391192,27.4195001853
2001-12-31,-32.5075192495,-9.78331848452,-9.89350760205,26.6621971079
2002-01-01,-32.014614325,-9.38646960168,-9.04861311586,27.8640304225
2002-01-02,-32.2333142526,-8.41752502208,-9.01906900679,28.4597978476
2002-01-03,-31.8662286976,-9.39640881134,-9.4463436071,28.4987406592
2002-01-04,-31.7112233585,-9.78509607018,-10.0133868813,26.7458401617
2002-01-05,-31.4301331148,-9.0376668982,-10.3066756782,26.3435138415
2002-01-06,-31.7232204171,-8.96808081778,-11.2611637672,27.7982900672
2002-01-07,-31.8239341847,-10.0860429653,-12.0680083882,27.8699921081
2002-01-08,-30.4942105128,-11.4562682836,-11.0006755697,27.5728867305
2002-01-09,-30.6064101483,-10.390441433,-9.81882602631,24.9503794521
2002-01-10,-31.4351402565,-11.1070756199,-9.95320425914,27.0648671475
2002-01-11,-32.2467562622,-10.2927303462,-9.61534641187,25.7634597649
2002-01-12,-29.9784704071,-11.3002286667,-9.58957840178,27.7265746629
2002-01-13,-28.3461329112,-10.7390805837,-10.38651089,26.3324455889
2002-01-14,-28.0287000129,-10.2408381097,-9.70588384092,25.1539348838
2002-01-15,-27.6455599092,-9.50056816369,-8.08043689718,26.4998864032
2002-01-16,-28.1517455916,-9.26517306148,-6.06891938275,26.4041932187
2002-01-17,-27.7183885824,-6.95816413318,-5.77407918274,25.3664699872
2002-01-18,-28.7363716747,-8.56876980936,-6.0585891145,24.8174287717
2002-01-19,-27.408702241,-8.78766528779,-4.33335782541,24.7018490654
2002-01-20,-27.3787831007,-8.46287635965,-3.81159194483,26.4979770513
2002-01-21,-27.722887665,-9.33972364471,-2.03792791871,26.5404345131
2002-01-22,-27.4110386135,-9.76365515881,0.144228416915,25.7390072624
2002-01-23,-28.1646164431,-8.88124843438,1.82643394488,26.4157927379
2002-01-24,-29.1909264322,-9.26683526944,3.39748177534,26.76400568
2002-01-25,-29.4821462985,-8.34803344732,3.28400695972,26.3699635911
2002-01-26,-29.1487716348,-9.13231265751,2.03720287181,26.3365007513
2002-01-27,-29.7156021934,-7.78203643128,0.49233850378,24.8309232621
2002-01-28,-28.7336073874,-10.6266161011,-1.57401454513,24.1648187127
2002-01-29,-28.2133004179,-10.07413386,-2.40203344475,24.6263390112
2002-01-30,-26.3199879224,-9.05198661494,-2.82808810184,24.9678617871
2002-01-31,-24.7500106233,-9.27321458387,-3.13174629138,23.6626160729
2002-02-01,-24.0341585567,-8.0582827963,-2.18125633711,23.072896765
2002-02-02,-24.8354713956,-8.88443127944,-1.89318411882,22.6367015148
2002-02-03,-24.1597401649,-9.20155991106,-2.35433309773,23.8502072739
2002-02-04,-23.8840579941,-8.92439512917,-2.07101099805,22.893969112
2002-02-05,-24.6629213791,-9.5460962244,-1.7276084839,21.2282339179
2002-02-06,-25.2400208121,-8.33527247742,-1.8754448775,20.4075157981
2002-02-07,-25.9387773022,-7.67971765575,-1.58781226864,20.7799820715
2002-02-08,-27.2666678905,-7.56910926499,-3.42559995311,21.9624824162
2002-02-09,-25.5066452104,-7.74226485409,-1.66783312699,23.0727508382
2002-02-10,-26.2608635053,-7.54741698262,-1.22436709804,25.5829134396
2002-02-11,-26.3185825322,-6.80094019676,-1.6433168657,27.7387289223
2002-02-12,-26.0627916323,-9.44947456654,-1.76771645461,26.3733956076
2002-02-13,-25.9224772395,-9.15900513472,-1.78637522802,25.6662491438
2002-02-14,-25.8940619715,-9.27897716276,-3.98485185233,25.5909853919
2002-02-15,-26.1593041179,-9.48132880386,-6.01177751106,25.284300008
2002-02-16,-25.9323535978,-8.93604478927,-5.69597175622,24.3212160459
2002-02-17,-24.6447236145,-8.48534853632,-7.16810344336,26.1631897229
2002-02-18,-23.5109237847,-7.94432964495,-6.75377875556,25.2267930835
2002-02-19,-24.5078970419,-7.42399237925,-6.26670951484,25.075018979
2002-02-20,-22.0780629138,-8.0864940092,-4.09686411973,25.6731378225
2002-02-21,-21.1494719328,-5.95795897713,-1.59858144421,25.8705523782
2002-02-22,-21.3683350856,-5.29331893923,-1.3369967242,27.4518967301
2002-02-23,-23.1675931544,-6.59318261083,-1.74882572467,28.831435908
2002-02-24,-22.7092554796,-5.6199690312,-1.78415941865,28.6279544722
2002-02-25,-22.8902180431,-6.75707838963,-1.7590882928,29.6957875616
2002-02-26,-22.5584997062,-7.29853671096,-2.4709629796,30.1944122025
2002-02-27,-22.485927666,-9.8729854484,-3.77622544403,30.4673889761
2002-02-28,-22.8866586009,-9.3567310866,-3.61499174613,31.2050957471
2002-03-01,-22.382606788,-9.80548142646,-4.82511180664,32.0193419372
2002-03-02,-21.8118761369,-10.4754949293,-5.76110099496,31.3182127173
2002-03-03,-21.3462892276,-11.030814648,-8.3277888159,30.8815901635
2002-03-04,-19.0237623195,-12.90235558,-8.98819894455,30.1260382396
2002-03-05,-18.1675201377,-12.0398019005,-10.0651466681,29.4443759458
2002-03-06,-18.6691065662,-12.1144142413,-8.27871842714,28.6283129432
2002-03-07,-17.8059048,-11.8353232413,-8.57716084843,30.1423828275
2002-03-08,-16.7148106693,-11.8846916869,-9.42130499214,29.3410774894
2002-03-09,-16.8116013724,-12.4516005535,-10.3003247611,28.6437634758
2002-03-10,-15.0946914469,-13.1183569812,-9.83322345194,27.6712460635
2002-03-11,-15.2450883873,-14.1474217503,-8.81870091171,26.8310804065
2002-03-12,-15.1028226904,-14.8481384861,-8.86664390664,25.3580201314
2002-03-13,-13.0055646397,-13.7105985469,-9.60581227424,25.0919426735
2002-03-14,-12.2854125914,-13.6826936431,-8.51771373692,25.9764390969
2002-03-15,-11.652794931,-14.9396399117,-9.44548635937,25.4035410352
2002-03-16,-11.4547719802,-15.3154441579,-10.2403190264,26.4149040311
2002-03-17,-13.4149852362,-16.6286378764,-11.6422217683,27.8584946886
2002-03-18,-13.7857227631,-16.4953889129,-12.0248427726,27.8405541441
2002-03-19,-13.6305999868,-16.5188243465,-14.2775829224,28.7392874762
2002-03-20,-12.9343850731,-18.392999138,-13.8448837961,29.2998023384
2002-03-21,-12.4005847935,-19.5740203515,-11.4702224897,29.965840127
2002-03-22,-12.5810652614,-21.5154865534,-10.7404005728,30.4497154601
2002-03-23,-12.4002034887,-21.6821741995,-11.7716852396,30.622937895
2002-03-24,-11.5531195702,-20.8748546755,-11.8968881058,30.8323260766
2002-03-25,-13.0316262015,-22.0462413835,-12.5670527498,31.517374776
2002-03-26,-14.5017643269,-23.1597093541,-13.9276597539,32.2132798605
2002-03-27,-14.8677678649,-22.8478602768,-12.5393546085,31.6631162521
2002-03-28,-13.276369997,-21.1278782487,-13.4216293644,31.6581255035
2002-03-29,-14.47095584,-20.4407905875,-11.558772613,31.2051747535
2002-03-30,-14.6901441174,-20.7262360684,-9.62256848572,29.0403381631
2002-03-31,-15.1882265478,-18.971317577,-9.88995874983,28.6721973384
2002-04-01,-15.7661835435,-16.6646386496,-8.83536054217,27.4726953394
2002-04-02,-15.1680828414,-17.7171198463,-9.26515270925,26.235592815
2002-04-03,-16.1471428125,-18.38649073,-8.733577148,26.8569337476
2002-04-04,-17.213924535,-17.8933413813,-10.0509411403,25.5689923134
2002-04-05,-17.2190219749,-18.0034823848,-11.7788716181,24.1898919652
2002-04-06,-16.5748823612,-17.0015845531,-12.3496963659,23.794384398
2002-04-07,-15.9316305624,-15.7755531467,-12.5579673819,23.5149053556
2002-04-08,-16.8922888292,-15.5082408127,-14.1455050179,23.5303127675
2002-04-09,-16.9066420027,-15.9629657251,-14.8520707475,24.5503603973
2002-04-10,-16.932652519,-16.8678245731,-14.9304065032,24.1347496625
2002-04-11,-16.9363508709,-15.7769049828,-16.3626981381,25.3876906243
2002-04-12,-17.507763055,-15.8023282818,-16.6570637648,26.0864794346
2002-04-13,-17.9606630967,-15.1648480844,-16.0981778833,25.2302971707
2002-04-14,-17.7040321457,-15.6481867992,-16.2600352946,25.7620147258
2002-04-15,-17.6157697913,-16.7805558791,-14.7013610969,25.2180908209
2002-04-16,-16.8933835922,-15.6987784312,-15.0769602429,26.7934751874
2002-04-17,-17.0253962787,-14.520919948,-14.7063182613,26.3610420612
2002-04-18,-17.2537135049,-14.8992513009,-14.0624135676,24.9852240392
2002-04-19,-16.9149555645,-14.4931122155,-13.7569755473,21.4598221585
2002-04-20,-15.6407468016,-15.2492524292,-14.0087568713,20.5270887432
2002-04-21,-15.7682661407,-15.7481513935,-14.5208156561,20.3966494394
2002-04-22,-14.6191663566,-16.43741077,-14.4487836858,21.2181921891
2002-04-23,-16.7403772649,-17.3068652813,-13.2065563795,21.2218133991
2002-04-24,-16.6996338234,-16.5348078541,-12.7204216369,20.6280900124
2002-04-25,-18.0727936455,-17.1819444964,-13.2331444644,20.2479617643
2002-04-26,-19.6750822944,-16.9484539035,-13.9808434835,20.1469577164
2002-04-27,-20.0628298497,-17.3415747137,-15.1288810253,18.4614424442
2002-04-28,-18.8498704367,-17.3575369197,-13.3738101652,17.8742528336
2002-04-29,-16.8054575776,-18.2949870562,-12.1994719247,19.1263734
2002-04-30,-16.4444037086,-16.8941141095,-10.5789928834,20.941522185
2002-05-01,-17.784889702,-16.4400324172,-11.9417596805,21.2758362634
2002-05-02,-17.8296703237,-18.1040416484,-12.5497061811,22.7303947962
2002-05-03,-18.0652657242,-18.2046589018,-12.3823648141,23.0088583233
2002-05-04,-17.9929771046,-17.5488392166,-11.1418782261,22.5397617539
2002-05-05,-19.025225729,-18.9883096582,-11.7964861919,21.9841397842
2002-05-06,-19.3715850963,-19.7142538389,-12.9635879422,21.9755371911
2002-05-07,-20.2521387075,-21.8318453915,-13.0207518086,21.0883707151
2002-05-08,-18.4827246995,-23.1662091399,-14.1546504758,21.7067877387
2002-05-09,-19.72927216,-23.2943219109,-14.3089662152,22.4117932603
2002-05-10,-20.0138260512,-23.0680527111,-14.3105093496,21.6716433039
2002-05-11,-18.4787324297,-22.8766169358,-15.322052455,22.3443894234
2002-05-12,-20.3050369785,-22.9001484202,-15.795142272,21.7735253614
2002-05-13,-19.6718079777,-21.8474823432,-14.4527455726,23.5001453691
2002-05-14,-18.6828524542,-22.2697076116,-14.1787789976,23.2164603733
2002-05-15,-17.8901950108,-22.0586802407,-14.7269121367,25.4317008918
2002-05-16,-16.4962906134,-22.4692670443,-14.6867184267,26.5282243646
2002-05-17,-17.2411991597,-22.9279969696,-13.7096111373,26.2672337549
2002-05-18,-18.1418430214,-22.6132798712,-13.00171326,28.0722185266
2002-05-19,-17.7094266476,-23.5021426276,-11.9415341665,29.7378585435
2002-05-20,-17.0551185042,-23.303146866,-11.704282937,30.3112857053
2002-05-21,-16.9190138648,-22.2511964073,-11.2567603059,31.701285349
2002-05-22,-18.0761977903,-22.954259988,-10.775738057,32.5318765392
2002-05-23,-17.135382067,-22.9291764391,-11.334021065,30.8789151707
2002-05-24,-15.6643511595,-20.3875149267,-12.8327335371,32.3749579359
2002-05-25,-16.7439474633,-18.7157740189,-12.8141853667,32.4884657974
2002-05-26,-16.5770270137,-19.889970921,-12.5497684261,32.5076808547
2002-05-27,-16.3539997741,-20.1347050427,-12.2640349816,30.1371508861
2002-05-28,-18.0762439771,-18.5706727542,-12.5837572618,30.5568653065
2002-05-29,-19.0286131567,-18.985824329,-12.5505806547,32.5842295539
2002-05-30,-18.6053996734,-18.8648805186,-13.2070510972,32.8126790151
2002-05-31,-19.0500537456,-18.590838573,-14.266106214,32.8568411137
2002-06-01,-19.2661753354,-19.0240404798,-13.3450649767,32.5765972991
2002-06-02,-19.6855915717,-19.0898898611,-14.0213713294,31.2872378031
2002-06-03,-20.9726784601,-18.9036045377,-13.1998902384,30.7443053024
2002-06-04,-20.0021971573,-19.1760438002,-12.1942422499,30.6684993809
2002-06-05,-19.7550876392,-19.1739520557,-13.3992495759,30.7266777425
2002-06-06,-21.5451000777,-19.2896785616,-12.4681423084,29.779237179
2002-06-07,-22.0237153232,-18.9575818722,-13.4170331058,28.3243055695
2002-06-08,-22.0964403801,-19.1684953292,-14.2390979693,28.2425928629
2002-06-09,-21.2681932031,-18.6740380573,-15.3861915843,30.201750904
2002-06-10,-21.0783578521,-19.8066234317,-16.9998971891,31.810000813
2002-06-11,-21.0012133233,-20.010965289,-19.691805143,32.8083208773
2002-06-12,-19.6454377825,-20.9987068066,-20.1643963327,34.6855492374
2002-06-13,-17.0248025292,-19.6499868606,-18.3969337565,36.653759043
2002-06-14,-17.507130384,-20.7606454356,-19.7765608897,37.2084953189
2002-06-15,-15.9303746522,-19.5445981969,-19.8139877543,37.4630148331
2002-06-16,-15.5603967278,-19.0129416645,-21.4687791865,38.0464126888
2002-06-17,-14.8109858255,-17.8002586782,-22.5542105752,39.9005145745
2002-06-18,-14.8653879112,-18.6783633071,-21.7735316205,40.6192809423
2002-06-19,-14.3604661614,-17.5322410947,-21.864529349,41.5442036365
2002-06-20,-12.3631085646,-18.5670622966,-21.4827177989,42.6491067877
2002-06-21,-12.1822503112,-18.5839024675,-21.3186640995,42.6215225622
2002-06-22,-11.8898871941,-18.6265870566,-18.4001053217,43.0800794523
2002-06-23,-10.8003063151,-18.0182555497,-20.1520961499,42.9671345889
2002-06-24,-9.92604316124,-17.5258393796,-20.6545625536,43.4692854091
2002-06-25,-11.7507294426,-18.0670152347,-20.334001917,42.7795080733
2002-06-26,-11.9184928136,-18.0941625491,-21.1138588685,40.9949264816
2002-06-27,-11.4564610323,-18.6220222815,-20.0605405698,40.2840360893
2002-06-28,-11.3123270661,-18.4638344191,-19.4020718039,41.0786767634
2002-06-29,-11.1141203716,-18.811015818,-18.5950180636,41.4564830025
2002-06-30,-11.3558710564,-19.9484535115,-17.2957418417,41.894405021
2002-07-01,-10.671307077,-20.0896951747,-16.9479501668,40.8618255741
2002-07-02,-10.2798951521,-21.1585898069,-17.3728570784,39.8950475805
2002-07-03,-9.35122441538,-22.4818590066,-16.2215571598,40.1448272483
2002-07-04,-10.1198321381,-23.1693524824,-16.6365314969,42.6125232099
2002-07-05,-10.7209423149,-22.6454497622,-16.1065422116,42.289059837
2002-07-06,-10.729561875,-22.5462909167,-15.3970678234,41.2048236054
2002-07-07,-11.421976642,-24.8125815178,-14.2583911208,38.9883359289
2002-07-08,-9.03510538106,-26.0121187841,-15.5601591087,39.9472093512
2002-07-09,-8.01908074316,-26.6334561275,-16.8134266648,38.5419218306
2002-07-10,-9.27655565973,-26.3450700802,-19.7127976596,39.103289365
2002-07-11,-8.5104538565,-26.4668899375,-18.8472149648,37.7850717563
2002-07-12,-8.50051135085,-25.1412059282,-20.2386979107,36.8914126604
2002-07-13,-6.91640774856,-25.366834404,-19.4966535757,36.3998207032
2002-07-14,-7.05354064126,-27.1407740367,-20.4214573347,38.4700579283
2002-07-15,-6.78446398825,-28.070540242,-22.7243720058,36.1303924829
2002-07-16,-7.44023121981,-28.9420640338,-23.1430046337,35.8102450011
2002-07-17,-7.52637578995,-27.5217490615,-23.1372555674,34.1493235002
2002-07-18,-6.87870210844,-26.5039367946,-22.2936446471,33.3849252151
2002-07-19,-6.54034066905,-26.3183073114,-22.6292305749,34.6405189667
2002-07-20,-7.81342696166,-26.5659706847,-23.4139695941,34.418705918
2002-07-21,-9.50735831024,-25.2125888999,-22.5063733459,33.6751098272
2002-07-22,-9.1538435735,-23.9809072178,-24.7786619935,34.8334368406
2002-07-23,-7.27535496705,-24.5505709562,-24.1206966517,34.9125122417
2002-07-24,-7.55724608073,-23.0567995673,-25.1404686838,36.0605573522
2002-07-25,-8.55124517512,-23.4992842963,-25.1885449694,34.6280524021
2002-07-26,-8.69392388977,-23.603901208,-25.4388250383,34.4802517879
2002-07-27,-8.18520451213,-23.7928853226,-23.7074660055,34.3677346593
2002-07-28,-8.53259257771,-23.829438008,-25.1264704101,34.9086233993
2002-07-29,-8.15182825706,-24.9371169131,-25.397090416,35.6428516962
2002-07-30,-7.89222906317,-27.0984644016,-25.5036299723,34.4597386398
2002-07-31,-8.48724162711,-29.414913372,-25.5743042633,36.0774432847
2002-08-01,-8.30456566306,-30.0931993603,-25.5735374455,37.2935850221
2002-08-02,-8.93588915578,-31.294117994,-26.0824279971,36.6774769817
2002-08-03,-9.56756328315,-31.5188045523,-25.3515764299,35.3589384435
2002-08-04,-9.06622944598,-30.8030896806,-25.3174371964,34.3272140534
2002-08-05,-7.68783222613,-31.5083325902,-27.129039763,34.2242935861
2002-08-06,-7.26201713704,-32.9004216083,-26.7364153003,34.5053111981
2002-08-07,-7.56170184141,-32.0674724508,-25.4388228207,34.5123363533
2002-08-08,-7.46864728154,-33.6766480167,-24.551223649,34.3223740106
2002-08-09,-6.79298373987,-34.8829025403,-25.167474445,33.6099108585
2002-08-10,-6.93580706325,-35.6851897246,-24.7732490546,33.8951877009
2002-08-11,-5.1822262579,-35.7024390761,-25.9887442227,34.839858614
2002-08-12,-4.95948889303,-34.9177503675,-24.2698562816,35.1351284571
2002-08-13,-5.00840938319,-35.6814232462,-23.4813140224,35.5348896506
2002-08-14,-5.28682481993,-35.2833706923,-21.3646811112,36.2402500106
2002-08-15,-5.48058261868,-35.2103640893,-22.3723980847,37.1742444131
2002-08-16,-4.89282714562,-34.9096702079,-21.5119750529,37.5548180813
2002-08-17,-5.83206017596,-34.6730194752,-20.8538631476,37.1961758975
2002-08-18,-4.94416948648,-35.1233863856,-21.6838244175,37.5596239666
2002-08-19,-5.00327245634,-34.9164946875,-20.8859800198,39.1541557069
2002-08-20,-5.14315522555,-34.676092872,-20.2515799563,39.6526446053
2002-08-21,-2.76895114553,-33.0556401445,-19.3519463736,39.0567836145
2002-08-22,-2.96097230474,-32.9249559065,-19.684064195,38.609642272
2002-08-23,-1.96243464949,-31.7348199777,-20.8946529614,38.832696035
2002-08-24,-3.12625325261,-32.0035151531,-21.1675375393,38.4810508853
2002-08-25,-1.16326448457,-33.1396832069,-21.3964675867,38.0636557076
2002-08-26,0.402237184287,-33.4424364971,-19.9805469987,36.7228925612
2002-08-27,-0.5730984357,-34.9091350992,-20.0462481989,36.4783893402
2002-08-28,-0.118734389943,-33.1913529497,-19.4975985643,36.0296898192
2002-08-29,-0.907666628885,-33.1312001568,-18.5714147859,36.1808510911
2002-08-30,-0.181148969031,-32.6140199674,-17.590989261,35.6632885327
2002-08-31,0.627599953905,-33.1754693406,-18.2985161357,34.7086744905
2002-09-01,1.33717464876,-33.3824488002,-17.5812410584,34.3446079695
2002-09-02,1.64665532712,-34.5911001232,-17.287782324,34.3262738284
2002-09-03,2.84494784651,-35.1655935749,-17.4914949757,33.7844799526
2002-09-04,1.27708172671,-36.9373812895,-17.5485732761,35.244405011
2002-09-05,0.361475632832,-39.2483422613,-17.2557608092,36.0136861384
2002-09-06,0.928936307067,-38.8095708947,-15.6212323672,36.4994191487
2002-09-07,0.859504017975,-38.9632232314,-15.0555043686,36.47913305
2002-09-08,1.29599178172,-40.4028713514,-13.9848185334,37.224416945
2002-09-09,2.34030146358,-41.5570964473,-13.0473331211,34.1135817912
2002-09-10,3.5914796937,-40.6820018357,-13.6864866159,34.5464335592
2002-09-11,4.95432881399,-40.9469633323,-13.5285275496,34.5920573948
2002-09-12,6.24635251802,-41.081786002,-14.4252583951,35.5081739419
2002-09-13,6.87794250403,-41.7770368769,-15.7484232483,36.2411079288
2002-09-14,6.67689308795,-42.7791977397,-15.1741899606,37.971155586
2002-09-15,6.82720948143,-44.5795465914,-17.0551768816,37.1330779551
2002-09-16,8.08732062273,-45.4101080981,-16.8883374393,37.8077861702
2002-09-17,8.04339984011,-43.4591509614,-16.8678219663,38.7649873271
2002-09-18,7.89482618175,-42.7227034607,-17.2189959645,37.2495924211
2002-09-19,8.84197418767,-41.6426797506,-16.3323024721,36.3946272431
2002-09-20,8.2253704664,-42.6233381709,-17.196091556,36.4726906689
2002-09-21,9.76560953905,-41.4763061188,-16.9668581639,37.2225305137
2002-09-22,10.213795218,-43.7640364892,-16.3855750686,38.2476333521
2002-09-23,10.376680782,-44.1713796525,-16.1938148886,38.4400372882
2002-09-24,11.2401897203,-43.8316030358,-15.8996851102,39.186835875
2002-09-25,10.2053504658,-42.7769510254,-16.4324513611,37.2440185294
2002-09-26,10.012771398,-41.9493412989,-16.2533974637,37.6487430884
